{
    "metadata":{
        "position":24,
        "version":3,
        "uv":24,
        "normal":24,
        "generator":"io_three",
        "type":"BufferGeometry"
    },
    "data":{
        "index":{
            "array":[0,1,2,3,4,5,6,7,8,9,10,11,12,13,14,15,16,17,0,18,1,3,19,4,6,20,7,9,21,10,12,22,13,15,23,16],
            "itemSize":1,
            "type":"Uint16Array"
        },
        "attributes":{
            "uv":{
                "array":[0.749929,0.749845,0.501146,0.998627,0.750516,0.999214,0.500559,0.749258,0.250603,0.499301,0.25119,0.748671,0.499972,0.499888,0.748755,0.251105,0.499385,0.250518,0.749342,0.500475,0.999299,0.750431,0.998712,0.501062,0.250603,0.499301,0.00181991,0.748084,0.25119,0.748671,0.500559,0.749258,0.749342,0.500475,0.499972,0.499888,0.500559,0.749258,0.499972,0.499888,0.749342,0.500475,0.749929,0.749845,0.00123292,0.498714,0.749929,0.749845],
                "itemSize":2,
                "type":"Float32Array"
            },
            "normal":{
                "array":[-1,0,-0,-1,0,-0,-1,0,-0,0,-2.98023e-08,-1,0,-2.98023e-08,-1,0,-2.98023e-08,-1,1,-0,0,1,-0,0,1,-0,0,0,2.98023e-08,1,0,2.98023e-08,1,0,2.98023e-08,1,0,-1,2.98023e-08,0,-1,2.98023e-08,0,-1,2.98023e-08,0,1,-2.98023e-08,0,1,-2.98023e-08,0,1,-2.98023e-08,-1,0,0,-0,-2.98023e-08,-1,1,0,0,-0,2.98023e-08,1,0,-1,2.98023e-08,0,1,-2.98023e-08],
                "itemSize":3,
                "type":"Float32Array"
            },
            "position":{
                "array":[-1,1,1,-1,-1,-1,-1,-1,1,-1,1,-1,1,-1,-1,-1,-1,-1,1,1,-1,1,-1,1,1,-1,-1,1,1,1,-1,-1,1,1,-1,1,1,-1,-1,-1,-1,1,-1,-1,-1,-1,1,-1,1,1,1,1,1,-1,-1,1,-1,1,1,-1,1,1,1,-1,1,1,1,-1,1,-1,1,1],
                "itemSize":3,
                "type":"Float32Array"
            }
        },
        "groups":[{
            "count":36,
            "start":0,
            "materialIndex":0
        }]
    }
}