{
    "data":{
        "index":{
            "itemSize":1,
            "array":[0,1,2,3,4,5,6,7,8,9,10,11,12,13,14,15,16,17,0,18,1,3,19,4,6,20,7,9,21,10,12,22,13,15,23,16],
            "type":"Uint16Array"
        },
        "groups":[{
            "materialIndex":0,
            "start":0,
            "count":36
        }],
        "attributes":{
            "uv":{
                "itemSize":2,
                "array":[0.749929,0.500956,0.501146,0.749739,0.750516,0.750325,0.500559,0.500369,0.250603,0.250412,0.25119,0.499782,0.499972,0.250999,0.748755,0.00221622,0.499385,0.00162935,0.749342,0.251586,0.999299,0.501543,0.998712,0.252173,0.250603,0.250412,0.00181991,0.499195,0.25119,0.499782,0.500559,0.500369,0.749342,0.251586,0.499972,0.250999,0.500559,0.500369,0.499972,0.250999,0.749342,0.251586,0.749929,0.500956,0.00123292,0.249825,0.749929,0.500956],
                "type":"Float32Array"
            },
            "position":{
                "itemSize":3,
                "array":[-0.565539,0.565539,0.565539,-0.565539,-0.565539,-0.565539,-0.565539,-0.565539,0.565539,-0.565539,0.565539,-0.565539,0.565539,-0.565539,-0.565539,-0.565539,-0.565539,-0.565539,0.565539,0.565539,-0.565539,0.565539,-0.565539,0.565539,0.565539,-0.565539,-0.565539,0.565539,0.565539,0.565539,-0.565539,-0.565539,0.565539,0.565539,-0.565539,0.565539,0.565539,-0.565539,-0.565539,-0.565539,-0.565539,0.565539,-0.565539,-0.565539,-0.565539,-0.565539,0.565539,-0.565539,0.565539,0.565539,0.565539,0.565539,0.565539,-0.565539,-0.565539,0.565539,-0.565539,0.565539,0.565539,-0.565539,0.565539,0.565539,0.565539,-0.565539,0.565539,0.565539,0.565539,-0.565539,0.565539,-0.565539,0.565539,0.565539],
                "type":"Float32Array"
            },
            "normal":{
                "itemSize":3,
                "array":[-1,0,0,-1,0,0,-1,0,0,0,0,-1,0,0,-1,0,0,-1,1,-0,0,1,-0,0,1,-0,0,0,-0,1,0,-0,1,0,-0,1,0,-1,0,0,-1,0,0,-1,0,0,1,-0,0,1,-0,0,1,-0,-1,0,0,0,0,-1,1,-0,0,0,0,1,0,-1,0,0,1,0],
                "type":"Float32Array"
            }
        }
    },
    "metadata":{
        "generator":"io_three",
        "type":"BufferGeometry",
        "version":3,
        "uv":24,
        "position":24,
        "normal":24
    }
}