{
    "metadata":{
        "type":"BufferGeometry",
        "version":3,
        "normal":24,
        "position":24,
        "generator":"io_three",
        "uv":24
    },
    "data":{
        "attributes":{
            "normal":{
                "type":"Float32Array",
                "itemSize":3,
                "array":[-1,0,-0,-1,0,-0,-1,0,-0,0,-2.98023e-08,-1,0,-2.98023e-08,-1,0,-2.98023e-08,-1,1,-0,0,1,-0,0,1,-0,0,0,2.98023e-08,1,0,2.98023e-08,1,0,2.98023e-08,1,0,-1,2.98023e-08,0,-1,2.98023e-08,0,-1,2.98023e-08,0,1,-2.98023e-08,0,1,-2.98023e-08,0,1,-2.98023e-08,-1,0,0,-0,-2.98023e-08,-1,1,0,0,-0,2.98023e-08,1,0,-1,2.98023e-08,0,1,-2.98023e-08]
            },
            "position":{
                "type":"Float32Array",
                "itemSize":3,
                "array":[-1,1,1,-1,-1,-1,-1,-1,1,-1,1,-1,1,-1,-1,-1,-1,-1,1,1,-1,1,-1,1,1,-1,-1,1,1,1,-1,-1,1,1,-1,1,1,-1,-1,-1,-1,1,-1,-1,-1,-1,1,-1,1,1,1,1,1,-1,-1,1,-1,1,1,-1,1,1,1,-1,1,1,1,-1,1,-1,1,1]
            },
            "uv":{
                "type":"Float32Array",
                "itemSize":2,
                "array":[0.749554,0.49967,0.500772,0.748453,0.750141,0.74904,0.500184,0.499083,0.250228,0.249127,0.250815,0.498496,0.499597,0.249713,0.74838,0.000930604,0.49901,0.000343737,0.748967,0.2503,0.998924,0.500257,0.998337,0.250887,0.250228,0.249127,0.00144502,0.497909,0.250815,0.498496,0.500184,0.499083,0.748967,0.2503,0.499597,0.249713,0.500184,0.499083,0.499597,0.249713,0.748967,0.2503,0.749554,0.49967,0.000858032,0.24854,0.749554,0.49967]
            }
        },
        "index":{
            "type":"Uint16Array",
            "itemSize":1,
            "array":[0,1,2,3,4,5,6,7,8,9,10,11,12,13,14,15,16,17,0,18,1,3,19,4,6,20,7,9,21,10,12,22,13,15,23,16]
        },
        "groups":[{
            "count":36,
            "materialIndex":0,
            "start":0
        }]
    }
}