{
    "data":{
        "groups":[{
            "start":0,
            "count":276,
            "materialIndex":0
        }],
        "attributes":{
            "normal":{
                "array":[-1,0,0,-1,0,0,-1,0,0,0,0,-1,0,0,-1,0,0,-1,1,-0,0,1,-0,0,1,-0,0,0,-0,1,0,-0,1,0,-0,1,0,-4.19242e-08,-1,0,-4.19242e-08,-1,0,-4.19242e-08,-1,0,1,-0,0,1,-0,0,1,-0,0,1,-0,0,1,-0,0,1,-0,0,-1,7.8138e-08,0,-1,7.8138e-08,0,-1,7.8138e-08,1,-0,0,1,-0,0,1,-0,0,-1,0,0,-1,0,0,-1,0,0,1,-0,0,1,-0,0,1,-0,0,1,0,-0,1,0,-0,1,0,-0,0,1,-0,0,1,-0,0,1,-0,-1,0,-0,-1,0,-0,-1,0,-0,0,1,-0,0,1,-0,0,1,-0,0,-1,0,0,-1,0,0,-1,0,0,-1,7.8138e-08,0,-1,7.8138e-08,0,-1,7.8138e-08,0,1,-0,0,1,-0,0,1,-0,0,1,-0,0,1,-0,0,1,-0,0,-1,0,0,-1,0,0,-1,0,0,-0,1,0,-0,1,0,-0,1,0,0,-1,0,0,-1,0,0,-1,0,0,-1,0,0,-1,0,0,-1,0,0,1,0,0,1,0,0,1,0,-1,7.8138e-08,0,-1,7.8138e-08,0,-1,7.8138e-08,0,0,1,0,0,1,0,1,-0,0,1,-0,0,1,-0,0,1,-0,0,1,-0,0,1,-0,0,1,-0,0,1,-0,0,1,-0,0,-0,1,0,-0,1,0,-0,1,0,-1,0,0,-1,0,0,-1,0,0,-1,0,0,-1,0,0,-1,0,0,-1,0,0,-1,0,0,-1,0,0,-1,0,0,-1,0,0,-1,0,0,-8.38484e-08,-1,0,-8.38484e-08,-1,0,-8.38484e-08,-1,-1,-0,-0,-1,-0,-0,-1,-0,-0,0,0,1,0,0,1,0,0,1,0,0,1,0,0,1,0,-8.38484e-08,-1,0,-8.38484e-08,-1,0,-8.38484e-08,-1,1,0,-0,1,0,-0,1,0,-0,1,0,-0,-1,-0,-0,-1,-0,-0,-1,-0,-0,-1,-0,-0,-1,-0,-0,-1,-0,-0,-1,-0,-0,1,0,-0,1,0,-0,1,0,-0,0,-4.19242e-08,-1,0,-4.19242e-08,-1,0,-4.19242e-08,-1,-1,0,0,0,0,-1,1,-0,0,0,0,1,0,-4.19242e-08,-1,0,1,0,0,1,0,0,-1,7.8138e-08,1,-0,0,-1,0,0,1,-0,0,1,0,0,1,0,0,1,0,0,0,1,0,-1,0,0,0,1,0,0,-1,0,0,-1,7.8138e-08,0,1,0,0,1,0,0,-1,0,0,0,1,0,0,-1,0,0,-1,0,-0,1,0,-1,7.8138e-08,0,-0,1,0,1,0,0,1,0,0,1,0,0,0,1,0,-1,0,0,-1,0,0,-1,0,0,-1,0,0,-8.38484e-08,-1,-1,0,0,0,-0,1,0,-0,1,0,-8.38484e-08,-1,1,0,0,1,0,0,1,0,0,1,0,0,-1,0,0,-1,0,0,-1,0,0,-1,0,0,-1,0,0,-1,0,0,-1,0,0,1,0,0,0,-4.19242e-08,-1],
                "type":"Float32Array",
                "itemSize":3
            },
            "position":{
                "array":[-0.738141,1.02509,-0.576014,-0.738141,0.910478,-0.657276,-0.738141,0.910478,-0.576014,0.112852,1.02509,-0.657276,0.208185,0.910478,-0.657276,0.112852,0.910478,-0.657276,0.208185,1.02509,0.186798,0.208185,0.910478,0.28905,0.208185,0.910478,0.186798,-0.655843,1.02509,0.28905,-0.738141,0.910478,0.28905,-0.655843,0.910478,0.28905,0.208185,0.910478,0.186798,0.112852,0.199616,0.186798,0.112852,0.910478,0.186798,-0.738141,1.02509,0.186798,-0.655843,1.02509,0.28905,-0.655843,1.02509,0.186798,-0.738141,1.02509,-0.576014,-0.655843,1.02509,0.186798,-0.655843,1.02509,-0.576014,0.208185,0.910478,-0.576014,0.112852,0.910478,0.186798,0.112852,0.910478,-0.576014,0.208185,1.02509,-0.576014,0.208185,0.910478,0.186798,0.208185,0.910478,-0.576014,-0.738141,1.02509,0.28905,-0.738141,0.910478,0.186798,-0.738141,0.910478,0.28905,0.208185,1.02509,-0.657276,0.208185,0.910478,-0.576014,0.208185,0.910478,-0.657276,-0.655843,0.910478,-0.576014,-0.655843,0.199616,-0.657276,-0.655843,0.910478,-0.657276,-0.738141,1.02509,-0.657276,-0.655843,1.02509,-0.576014,-0.655843,1.02509,-0.657276,-0.738141,1.02509,0.186798,-0.738141,0.910478,-0.576014,-0.738141,0.910478,0.186798,0.112852,1.02509,-0.657276,0.208185,1.02509,-0.576014,0.208185,1.02509,-0.657276,0.112852,0.910478,-0.657276,-0.655843,0.910478,-0.576014,-0.655843,0.910478,-0.657276,0.112852,0.910478,-0.576014,-0.655843,0.910478,0.186798,-0.655843,0.910478,-0.576014,0.112852,1.02509,-0.576014,0.208185,1.02509,0.186798,0.208185,1.02509,-0.576014,0.112852,1.02509,0.186798,0.208185,1.02509,0.28905,0.208185,1.02509,0.186798,0.112852,0.910478,0.186798,-0.655843,0.910478,0.28905,-0.655843,0.910478,0.186798,0.208185,1.02509,0.28905,0.112852,0.910478,0.28905,0.208185,0.910478,0.28905,-0.655843,1.02509,-0.657276,0.112852,0.910478,-0.657276,-0.655843,0.910478,-0.657276,-0.738141,1.02509,-0.657276,-0.655843,0.910478,-0.657276,-0.738141,0.910478,-0.657276,-0.738141,0.910478,-0.576014,-0.655843,0.199616,-0.576014,-0.655843,0.910478,-0.576014,-0.655843,0.910478,-0.576014,-0.738141,0.910478,0.186798,-0.738141,0.910478,-0.576014,0.112852,0.910478,0.28905,0.208185,0.199616,0.28905,-0.655843,1.02509,-0.657276,0.112852,1.02509,-0.576014,0.112852,1.02509,-0.657276,-0.655843,1.02509,-0.576014,0.112852,1.02509,0.186798,0.112852,1.02509,-0.576014,-0.655843,1.02509,0.186798,0.112852,1.02509,0.28905,0.112852,1.02509,0.186798,0.112852,1.02509,0.28905,-0.655843,0.910478,0.28905,0.112852,0.910478,0.28905,0.208185,0.199616,0.186798,0.112852,0.199616,0.28905,0.112852,0.199616,0.186798,0.208185,0.199616,-0.657276,0.112852,0.199616,-0.576014,0.112852,0.199616,-0.657276,-0.655843,0.199616,0.186798,-0.738141,0.199616,0.28905,-0.738141,0.199616,0.186798,-0.655843,0.199616,-0.657276,-0.738141,0.199616,-0.576014,-0.738141,0.199616,-0.657276,-0.655843,0.910478,-0.657276,-0.738141,0.199616,-0.657276,-0.738141,0.910478,-0.657276,0.112852,0.910478,0.186798,0.112852,0.199616,0.28905,0.112852,0.910478,0.28905,0.112852,0.910478,-0.576014,0.208185,0.199616,-0.576014,0.208185,0.910478,-0.576014,-0.738141,0.910478,0.28905,-0.655843,0.199616,0.28905,0.208185,0.910478,-0.657276,0.112852,0.199616,-0.657276,0.112852,0.910478,-0.657276,0.208185,0.910478,0.28905,0.208185,0.199616,0.186798,0.208185,0.910478,-0.576014,0.208185,0.199616,-0.657276,-0.738141,0.910478,-0.657276,-0.738141,0.199616,-0.576014,-0.738141,0.910478,0.186798,-0.738141,0.199616,0.28905,0.112852,0.910478,-0.657276,0.112852,0.199616,-0.576014,0.112852,0.910478,-0.576014,-0.655843,0.910478,0.28905,-0.655843,0.199616,0.186798,-0.655843,0.910478,0.186798,-0.655843,0.910478,0.186798,-0.738141,0.199616,0.186798,-0.738141,0.910478,0.186798,-0.738141,1.02509,-0.657276,0.208185,1.02509,-0.657276,0.208185,1.02509,0.28905,-0.738141,1.02509,0.28905,0.208185,0.199616,0.186798,-0.738141,1.02509,0.28905,-0.738141,1.02509,0.186798,0.208185,0.910478,0.186798,0.208185,1.02509,0.186798,-0.738141,1.02509,0.186798,0.208185,1.02509,-0.576014,-0.655843,0.910478,-0.576014,-0.655843,0.199616,-0.576014,-0.655843,0.199616,-0.657276,-0.738141,1.02509,-0.576014,-0.738141,1.02509,-0.576014,0.112852,1.02509,-0.576014,0.112852,0.910478,-0.576014,0.112852,0.910478,0.186798,0.112852,1.02509,0.186798,0.112852,1.02509,0.28905,0.112852,0.910478,0.28905,0.112852,1.02509,0.28905,0.112852,1.02509,-0.657276,-0.655843,1.02509,-0.657276,-0.738141,0.199616,-0.576014,-0.655843,0.910478,0.186798,0.112852,0.199616,0.28905,-0.655843,1.02509,-0.576014,-0.655843,1.02509,0.186798,-0.655843,1.02509,0.28905,-0.655843,1.02509,0.28905,0.208185,0.199616,0.28905,0.208185,0.199616,-0.576014,-0.655843,0.199616,0.28905,-0.655843,0.199616,-0.576014,-0.655843,0.199616,-0.657276,0.112852,0.199616,0.186798,0.112852,0.199616,-0.576014,-0.738141,0.199616,0.28905,0.208185,0.199616,-0.657276,0.208185,0.199616,0.28905,0.208185,0.910478,-0.576014,0.208185,0.199616,-0.576014,0.208185,0.199616,-0.657276,-0.738141,0.910478,-0.657276,-0.738141,0.199616,-0.657276,-0.738141,0.199616,-0.576014,-0.738141,0.199616,0.186798,0.112852,0.910478,-0.657276,0.112852,0.199616,-0.657276,0.112852,0.199616,-0.576014,-0.655843,0.199616,0.28905,-0.655843,0.199616,0.186798],
                "type":"Float32Array",
                "itemSize":3
            },
            "uv":{
                "array":[1,0,0,1,0,0,1,0,0,1,0,0,1,0,0,1,0,0,1,0,0,1,0,0,1,0,0,1,0,0,1,0,0,1,0,0,1,0,0,1,0,0,1,0,0,1,0,0,1,0,0,1,0,0,1,0,0,1,0,0,1,0,0,1,0,0,1,0,0,1,0,0,1,0,0,1,0,0,1,0,0,1,0,0,1,0,0,1,0,0,1,0,0,1,0,0,1,0,0,1,0,0,1,0,0,1,0,0,1,0,0,1,0,0,1,0,0,1,0,0,1,0,0,1,0,0,1,0,0,1,0,0,1,0,0,1,0,0,1,0,0,1,0,0,1,0,0,1,0,0,1,0,0,1,1,0,0,1,0,0,1,0,0,1,0,0,1,0,0,1,0,0,1,0,0,1,0,0,1,0,0,1,0,0,1,0,0,1,0,0,1,0,0,1,0,0,1,0,0,1,0,0,1,0,0,1,0,0,1,0,0,1,0,0,1,0,0,1,0,0,1,0,0,1,1,0,0,1,0,0,1,0,0,1,1,0,0,1,1,0,0,1,1,0,0,1,1,0,0,1,0,0,1,0,0,1,0,0,1,0,0,1,0,0,1,1,1,1,1,1,1,1,1,1,1,1,1,1,1,1,1,1,1,1,1,1,1,0,1,1,0,1,1,1,1,1,1,1,1,1,1,1,1,1,1,1,1,1,1,1,1,1,1,1,1,1,1,1,1,1,1,1,1,1,1,1,1,1,1,1,1,1,1,1,1,1,1,1,1,1,1,1,1,1,1,1,1,1,1,0,1,1,0,1,1,0,1,1,0,1,1,1,1,0,1,1,0,1,1,1,1,1],
                "type":"Float32Array",
                "itemSize":2
            }
        },