{
    "data":{
        "attributes":{
            "normal":{
                "array":[-1,0,0,-1,0,0,-1,0,0,0,0,-1,0,0,-1,0,0,-1,1,-0,0,1,-0,0,1,-0,0,0,-0,1,0,-0,1,0,-0,1,0,-3.96739e-08,-1,0,-3.96739e-08,-1,0,-3.96739e-08,-1,0,1,-0,0,1,-0,0,1,-0,0,1,-0,0,1,-0,0,1,-0,0,-1,7.3944e-08,0,-1,7.3944e-08,0,-1,7.3944e-08,1,-0,0,1,-0,0,1,-0,0,-1,0,0,-1,0,0,-1,0,0,1,-0,0,1,-0,0,1,-0,0,1,0,-0,1,0,-0,1,0,-0,0,1,-0,0,1,-0,0,1,-0,-1,0,-0,-1,0,-0,-1,0,-0,0,1,-0,0,1,-0,0,1,-0,0,-1,0,0,-1,0,0,-1,0,0,-1,7.3944e-08,0,-1,7.3944e-08,0,-1,7.3944e-08,0,1,-0,0,1,-0,0,1,-0,0,1,-0,0,1,-0,0,1,-0,0,-1,0,0,-1,0,0,-1,0,0,-0,1,0,-0,1,0,-0,1,0,0,-1,0,0,-1,0,0,-1,0,0,-1,0,0,-1,0,0,-1,0,0,1,0,0,1,0,0,1,0,-1,7.3944e-08,0,-1,7.3944e-08,0,-1,7.3944e-08,0,3.96739e-08,1,0,3.96739e-08,1,0,3.96739e-08,1,0,1,-0,0,1,-0,0,1,-0,0,1,-0,0,1,-0,0,1,-0,0,1,-0,0,1,-0,0,1,-0,0,-0,1,0,-0,1,0,-0,1,0,-1,0,0,-1,0,0,-1,0,0,-1,0,0,-1,0,0,-1,0,0,-1,0,0,-1,0,0,-1,0,0,-1,0,0,-1,0,0,-1,0,0,-7.93479e-08,-1,0,-7.93479e-08,-1,0,-7.93479e-08,-1,-1,-0,-0,-1,-0,-0,-1,-0,-0,0,0,1,0,0,1,0,0,1,0,3.96739e-08,1,0,3.96739e-08,1,0,3.96739e-08,1,0,-7.93479e-08,-1,0,-7.93479e-08,-1,0,-7.93479e-08,-1,1,0,-0,1,0,-0,1,0,-0,1,0,-0,-1,-0,-0,-1,-0,-0,-1,-0,-0,-1,-0,-0,-1,-0,-0,-1,-0,-0,-1,-0,-0,1,0,-0,1,0,-0,1,0,-0,0,-3.96739e-08,-1,0,-3.96739e-08,-1,0,-3.96739e-08,-1,-1,0,0,0,0,-1,1,-0,0,0,0,1,0,-3.96739e-08,-1,0,1,0,0,1,0,0,-1,7.3944e-08,1,-0,0,-1,0,0,1,-0,0,1,0,0,0,1,0,-1,0,0,0,1,0,0,-1,0,0,-1,7.3944e-08,0,1,0,0,1,0,0,-1,0,0,0,1,0,0,-1,0,0,-1,0,-0,1,0,-1,7.3944e-08,0,3.96739e-08,1,0,1,0,0,1,0,0,1,0,0,0,1,0,-1,0,0,-1,0,0,-1,0,0,-1,0,0,-7.93479e-08,-1,-1,0,0,0,-0,1,0,3.96739e-08,1,0,-7.93479e-08,-1,1,-0,0,1,0,0,-1,0,0,-1,0,0,-1,0,0,1,-0,0,0,-3.96739e-08,-1],
                "type":"Float32Array",
                "itemSize":3
            },
            "position":{
                "array":[-1.06304,1.08889,-1.01439,-1.06304,0.846674,-1.18613,-1.06304,0.846674,-1.01439,0.735486,1.08889,-1.18613,0.936964,0.846674,-1.18613,0.735486,0.846674,-1.18613,0.936964,1.08889,0.597766,0.936964,0.846674,0.813867,0.936964,0.846674,0.597766,-0.889105,1.08889,0.813867,-1.06304,0.846674,0.813867,-0.889105,0.846674,0.813867,0.936964,0.846674,0.597766,0.735486,-0.655689,0.597766,0.735486,0.846674,0.597766,-1.06304,1.08889,0.597766,-0.889105,1.08889,0.813867,-0.889105,1.08889,0.597766,-1.06304,1.08889,-1.01439,-0.889105,1.08889,0.597766,-0.889105,1.08889,-1.01439,0.936964,0.846674,-1.01439,0.735486,0.846674,0.597766,0.735486,0.846674,-1.01439,0.936964,1.08889,-1.01439,0.936964,0.846674,0.597766,0.936964,0.846674,-1.01439,-1.06304,1.08889,0.813867,-1.06304,0.846674,0.597766,-1.06304,0.846674,0.813867,0.936964,1.08889,-1.18613,0.936964,0.846674,-1.01439,0.936964,0.846674,-1.18613,-0.889105,0.846674,-1.01439,-0.889105,-0.655689,-1.18613,-0.889105,0.846674,-1.18613,-1.06304,1.08889,-1.18613,-0.889105,1.08889,-1.01439,-0.889105,1.08889,-1.18613,-1.06304,1.08889,0.597766,-1.06304,0.846674,-1.01439,-1.06304,0.846674,0.597766,0.735486,1.08889,-1.18613,0.936964,1.08889,-1.01439,0.936964,1.08889,-1.18613,0.735486,0.846674,-1.18613,-0.889105,0.846674,-1.01439,-0.889105,0.846674,-1.18613,0.735486,0.846674,-1.01439,-0.889105,0.846674,0.597766,-0.889105,0.846674,-1.01439,0.735486,1.08889,-1.01439,0.936964,1.08889,0.597766,0.936964,1.08889,-1.01439,0.735486,1.08889,0.597766,0.936964,1.08889,0.813867,0.936964,1.08889,0.597766,0.735486,0.846674,0.597766,-0.889105,0.846674,0.813867,-0.889105,0.846674,0.597766,0.936964,1.08889,0.813867,0.735486,0.846674,0.813867,0.936964,0.846674,0.813867,-0.889105,1.08889,-1.18613,0.735486,0.846674,-1.18613,-0.889105,0.846674,-1.18613,-1.06304,1.08889,-1.18613,-0.889105,0.846674,-1.18613,-1.06304,0.846674,-1.18613,-1.06304,0.846674,-1.01439,-0.889105,-0.655689,-1.01439,-0.889105,0.846674,-1.01439,-0.889105,0.846674,-1.01439,-1.06304,0.846674,0.597766,-1.06304,0.846674,-1.01439,0.735486,0.846674,0.813867,0.936964,-0.655689,0.813867,0.936964,0.846674,0.813867,-0.889105,1.08889,-1.18613,0.735486,1.08889,-1.01439,0.735486,1.08889,-1.18613,-0.889105,1.08889,-1.01439,0.735486,1.08889,0.597766,0.735486,1.08889,-1.01439,-0.889105,1.08889,0.597766,0.735486,1.08889,0.813867,0.735486,1.08889,0.597766,0.735486,1.08889,0.813867,-0.889105,0.846674,0.813867,0.735486,0.846674,0.813867,0.936964,-0.655689,0.597766,0.735486,-0.655689,0.813867,0.735486,-0.655689,0.597766,0.936964,-0.655689,-1.18613,0.735486,-0.655689,-1.01439,0.735486,-0.655689,-1.18613,-0.889105,-0.655689,0.597766,-1.06304,-0.655689,0.813867,-1.06304,-0.655689,0.597766,-0.889105,-0.655689,-1.18613,-1.06304,-0.655689,-1.01439,-1.06304,-0.655689,-1.18613,-0.889105,0.846674,-1.18613,-1.06304,-0.655689,-1.18613,-1.06304,0.846674,-1.18613,0.735486,0.846674,0.597766,0.735486,-0.655689,0.813867,0.735486,0.846674,0.813867,0.735486,0.846674,-1.01439,0.936964,-0.655689,-1.01439,0.936964,0.846674,-1.01439,-1.06304,0.846674,0.813867,-0.889105,-0.655689,0.813867,-0.889105,0.846674,0.813867,0.936964,0.846674,-1.18613,0.735486,-0.655689,-1.18613,0.735486,0.846674,-1.18613,0.936964,0.846674,0.813867,0.936964,-0.655689,0.597766,0.936964,0.846674,-1.01439,0.936964,-0.655689,-1.18613,-1.06304,0.846674,-1.18613,-1.06304,-0.655689,-1.01439,-1.06304,0.846674,0.597766,-1.06304,-0.655689,0.813867,0.735486,0.846674,-1.18613,0.735486,-0.655689,-1.01439,0.735486,0.846674,-1.01439,-0.889105,0.846674,0.813867,-0.889105,-0.655689,0.597766,-0.889105,0.846674,0.597766,-0.889105,0.846674,0.597766,-1.06304,-0.655689,0.597766,-1.06304,0.846674,0.597766,-1.06304,1.08889,-1.18613,0.936964,1.08889,-1.18613,0.936964,1.08889,0.813867,-1.06304,1.08889,0.813867,0.936964,-0.655689,0.597766,-1.06304,1.08889,0.813867,-1.06304,1.08889,0.597766,0.936964,0.846674,0.597766,0.936964,1.08889,0.597766,-1.06304,1.08889,0.597766,0.936964,1.08889,-1.01439,-0.889105,-0.655689,-1.01439,-1.06304,1.08889,-1.01439,-1.06304,1.08889,-1.01439,0.735486,1.08889,-1.01439,0.735486,0.846674,-1.01439,0.735486,0.846674,0.597766,0.735486,1.08889,0.597766,0.735486,1.08889,0.813867,0.735486,0.846674,0.813867,0.735486,1.08889,0.813867,0.735486,1.08889,-1.18613,-0.889105,1.08889,-1.18613,-1.06304,-0.655689,-1.01439,-0.889105,0.846674,0.597766,0.735486,-0.655689,0.813867,-0.889105,1.08889,-1.01439,-0.889105,1.08889,0.597766,-0.889105,1.08889,0.813867,-0.889105,1.08889,0.813867,0.936964,-0.655689,0.813867,0.936964,-0.655689,-1.01439,-0.889105,-0.655689,0.813867,-0.889105,-0.655689,-1.01439,-0.889105,-0.655689,-1.18613,0.735486,-0.655689,0.597766,0.735486,-0.655689,-1.01439,-1.06304,-0.655689,0.813867,0.936964,-0.655689,-1.18613,0.936964,-0.655689,0.813867,0.936964,-0.655689,-1.01439,-1.06304,-0.655689,-1.18613,-1.06304,-0.655689,0.597766,0.735486,-0.655689,-1.18613,-0.889105,-0.655689,0.813867,-0.889105,-0.655689,0.597766],
                "type":"Float32Array",
                "itemSize":3
            },
            "uv":{
                "array":[1,0,0,1,0,0,1,0,0,1,0,0,1,0,0,1,0,0,1,0,0,1,0,0,1,0,0,1,0,0,1,0,0,1,0,0,1,0,0,1,0,0,1,0,0,1,0,0,1,0,0,1,0,0,1,0,0,1,0,0,1,0,0,1,0,0,1,0,0,1,0,0,1,0,0,1,0,0,1,0,0,1,0,0,1,0,0,1,0,0,1,0,0,1,0,0,1,0,0,1,0,0,1,0,0,1,0,0,1,0,0,1,0,0,1,0,0,1,0,0,1,0,0,1,0,0,1,0,0,1,0,0,1,0,0,1,0,0,1,0,0,1,0,0,1,0,0,1,0,0,1,0,0,1,0,0,1,0,0,1,0,0,1,0,0,1,0,0,1,0,0,1,0,0,1,0,0,1,0,0,1,0,0,1,0,0,1,0,0,1,0,0,1,0,0,1,0,0,1,0,0,1,0,0,1,0,0,1,0,0,1,0,0,1,0,0,1,0,0,1,0,0,1,0,0,1,0,0,1,0,0,1,0,0,1,0,0,1,1,0,0,1,1,0,0,1,1,0,0,1,1,0,0,1,0,0,1,0,0,1,0,0,1,0,0,1,0,0,1,1,1,1,1,1,1,1,1,1,1,1,1,1,1,1,1,1,1,1,1,1,1,1,1,1,1,1,1,1,1,1,1,1,1,1,1,1,1,1,1,1,1,1,1,1,1,1,1,1,1,1,1,1,1,1,1,1,1,1,1,1,1,1,1,1,1,1,1,1,1,1,1,1,1,1,1,1,1,1,1,1,1,1,1,1,1,1,1,1,1,1],
                "type":"Float32Array",
                "itemSize":2
            }
        },